method,n,rouge_1,rouge_2,rouge_l
gemini,60,0.35180124036280813,0.2344176219461619,0.28252438779806105
lead3,60,0.274066015563672,0.15689806480233098,0.1995085444665468
